Question,Answer
What is the publication date of the NVIDIA Corporation Annual Report 2024?," The publication date of the NVIDIA Corporation Annual Report 2024 is February 21st, 2024."
What is the filing date of the 10-K report for NVIDIA Corporation in 2004?," The filing dates of the 10-K reports for NVIDIA Corporation in 2004 are May 20th, March 29th, and April 25th."
What is the purpose of the section of the filing that requires the registrant to indicate whether it has submitted electronically every Interactive Data File required to be submitted pursuant to Rule 405 of Regulation S-T?," The purpose of this section is to require the registrant to disclose whether it has submitted all required Interactive Data Files electronically, as mandated by Rule 405 of Regulation S-T, during the preceding 12 months or for the shorter period that the registrant was required to submit such files."
"What is the aggregate market value of the voting stock held by non-affiliates of the registrant as of July 28, 2023?"," The aggregate market value of the voting stock held by non-affiliates of the registrant as of July 28, 2023 was approximately $1.1 trillion."
Where can investors find more information about NVIDIA's financial information and company updates?," Investors and others can find more information about NVIDIA's financial information and company updates on the company's investor relations website, through press releases, SEC filings, public conference calls and webcasts, as well as on the company's social media channels, including Twitter, the NVIDIA Corporate Blog, Facebook, LinkedIn, Instagram, and YouTube."
What type of statements are used to identify forward-looking statements in the Annual Report on Form 10-K?," Forward-looking statements are identified by terms such as “may,” “will,” “should,” “could,” “goal,” “would,” “expect,” “plan,” “anticipate,” “believe,” “estimate,” “project,” “predict,” “potential,” and similar expressions intended to identify forward-looking statements."
What is the primary focus of NVIDIA's business?," NVIDIA pioneered accelerated computing to help solve the most challenging computational problems, and is now a full-stack computing infrastructure company with data-center-scale offerings that are reshaping industry."
What is the primary use of GPUs in modern AI applications?," GPUs are used to simulate human intelligence, enabling a deeper understanding of the physical world, and are essential for deep learning algorithms due to their parallel processing capabilities, supported by thousands of computing cores."
"What was the year in which NVIDIA introduced its first Tensor Core GPU, built from the ground-up for the new era of AI?", 2017.
What are the various industries and applications that use NVIDIA's accelerated computing platforms?," The various industries and applications that use NVIDIA's accelerated computing platforms include the enterprise software industry for AI assistants and chatbots, the transportation industry for autonomous driving, the healthcare industry for accelerated and computer-aided drug discovery, the financial services industry for customer support and fraud detection, researchers and developers for simulating molecular dynamics to climate forecasting, gamers for immersive, increasingly cinematic virtual worlds, professional artists, architects, and designers for creating visual effects in movies or designing buildings and products, and many others, including over 3,500 applications in total."
What are the two segments in which NVIDIA reports its business results?, NVIDIA reports its business results in two segments: the Compute & Networking segment and the Graphics segment.
What are the main components of the NVIDIA accelerated computing platform?," The main components of the NVIDIA accelerated computing platform include supercomputing platforms and servers, energy-efficient GPUs, DPUs, interconnects, and fully optimized AI and high-performance computing software stacks, as well as NVIDIA AI Enterprise software, DGX Cloud service, acceleration libraries, APIs, SDKs, and domain-specific application frameworks."
What are the key components of NVIDIA's data center platform?," The key components of NVIDIA's data center platform include powerful chips such as GPUs, DPUs, and CPUs, as well as a large body of software, including the CUDA parallel programming model, CUDA-X acceleration libraries, APIs, SDKs, and domain-specific application frameworks."
What is the primary function of NVIDIA RTX in the movie industry?," NVIDIA RTX is a computationally intensive technique that simulates the physical behavior of light to achieve greater realism in computer-generated scenes, allowing for the creation of film-quality, photorealistic objects and environments with physically accurate shadows, reflections, and refractions using ray tracing in real-time."
"What is NVIDIA Omniverse, and what are its applications in the industrial and automotive sectors?"," NVIDIA Omniverse is a development platform and operating system for building virtual world simulation applications, available as a software subscription for enterprise use and free for individual use. In the industrial sector, Omniverse is used to digitalize complex physical assets, processes, and environments, creating digital twins of factories, real-time 3D product configurators, and testing and validating autonomous robots and vehicles. In the automotive sector, Omniverse is used to develop and deploy AI systems for self-driving vehicles, including training deep neural networks, running a full perception, fusion, planning, and control stack within the vehicle, and providing a scalable data center-based simulation solution."
What is NVIDIA's approach to delivering continued performance leaps in their accelerated computing platform?," NVIDIA's approach to delivering continued performance leaps in their accelerated computing platform involves leveraging innovation across the architecture, chip design, system, interconnect, and software layers, allowing them to deliver order-of-magnitude performance advantages relative to legacy approaches in their target markets."
What are the three major processing units in AI servers offered by NVIDIA?," The three major processing units in AI servers offered by NVIDIA are GPUs, CPUs, and DPUs."
What is the primary focus of NVIDIA's AI-based hardware and software solution for the autonomous vehicle market?," NVIDIA's AI-based hardware and software solution for the autonomous vehicle market is designed and implemented from the ground up based on automotive safety standards, with a focus on providing a next-generation centralized car computer that integrates a wide range of intelligent functions into a single AI compute platform, and includes the GPU-based hardware required to train the neural networks used in autonomous driving."
What is the comprehensive approach that the company believes will enable the transportation industry to solve the complex problems arising from the shift to autonomous driving?," The company believes that their comprehensive, top-to-bottom and end-to-end approach, which includes GPU-based hardware for training and re-simulating neural networks, will enable the transportation industry to solve the complex problems arising from the shift to autonomous driving."
What is the strategy that NVIDIA employs for manufacturing its computing platforms?," NVIDIA utilizes a fabless and contracting manufacturing strategy, where it employs and partners with key suppliers for all phases of the manufacturing process, including wafer fabrication, assembly, testing, and packaging, using the expertise of industry-leading suppliers that are certified by the International Organization for Standardization in areas such as fabrication, assembly, and quality."
What are the main competitive factors in the market for the company's products?," The main competitive factors in the market for the company's products are performance, breadth of product offerings, access to customers and partners and distribution channels, software support, and conformity to industry standard APIs."
What are the factors that the company believes will determine its ability to remain competitive in the market?," The company believes that its ability to remain competitive will depend on its ability to anticipate the features and functions that customers and partners will demand, deliver consistent volumes of its products at acceptable levels of quality and at competitive prices, and adapt to customers or technological changes, while also considering the competition from existing and new market entrants with products that may be lower priced or provide better performance or additional features."
What are the companies that supply hardware and software for CPUs as part of their internal solutions or platforms?," The companies that supply hardware and software for CPUs as part of their internal solutions or platforms include Amazon, Huawei, and Microsoft, among others."
What factors does the company consider when deciding whether to seek formal protection for its innovations and technologies?," The company considers the location in which its products are manufactured, its strategic technology or product directions in different countries, the degree to which intellectual property laws exist and are meaningfully enforced in different jurisdictions, and the commercial significance of its operations and its competitors' operations in particular countries and regions."
What are the potential consequences of further changes in the USG's export controls on the company's business and financial results?," The potential consequences include the company being unable to sell its inventory of affected products, being unable to develop replacement products not subject to licensing requirements, and being effectively excluded from all or part of the China market, as well as other impacted markets, including the Middle East."
What are some of the potential risks and uncertainties that NVIDIA faces in its business operations?," Taxes, import and export requirements and tariffs, anti-corruption, business acquisitions, foreign exchange controls and cash repatriation restrictions, data privacy requirements, competition and antitrust, advertising, employment, product regulations, cybersecurity, environmental, health and safety requirements, the responsible use of AI, climate change, cryptocurrency, and consumer laws, which could increase costs, impact competitive position, and have a material adverse impact on business, financial condition, and results of operations in subsequent periods."
What is NVIDIA's goal for purchasing or generating renewable energy by the end of fiscal year 2025?, NVIDIA's goal is to purchase or generate enough renewable energy to match 100% of its global electricity usage for its offices and data centers by the end of fiscal year 2025.
What percentage of NVIDIA's new hires in fiscal year 2024 came from employee referrals?, Over 40% of NVIDIA's new hires in fiscal year 2024 came from employee referrals.
What is NVIDIA's approach to employee development and retention?," NVIDIA's approach to employee development and retention includes tuition reimbursement programs, career coaching services, mentoring and development programs for underrepresented groups, pulse surveys, suggestion boxes, and anonymous third-party platforms to evaluate employee sentiment and engagement. Additionally, the company offers comprehensive benefits, including equity, 401(k) programs, pension programs, employee stock purchase programs, flexible work hours, and time off policies to support employees' physical and mental well-being."
What percentage of the company's global workforce is composed of Black or African American employees in the United States?, 6% of the company's workforce in the United States is composed of Black or African American employees.
What percentage of NVIDIA's workforce in the United States is composed of Black or African American and Hispanic or Latino employees?, 6%.
What were the positions held by Debora Shoquist at JDS Uniphase Corp. before joining NVIDIA?, Debora Shoquist served as Executive Vice President of Operations at JDS Uniphase Corp. from 2004 to 2007 and as Senior Vice President and General Manager of the Electro-Optics division from 2002 to 2004.
What were the previous work experiences of Ms. Shoquist before joining NVIDIA?," Ms. Shoquist served as Senior Vice President and General Manager of the Electro-Optics business at Coherent, Inc., and previously worked at Quantum Corp. as President of the Personal Computer Hard Disk Drive Division, and at Hewlett-Packard."
"What are some of the risks that could harm the business, financial condition, results of operations, or reputation of the company?"," The company faces various risks, including failure to meet the evolving needs of its industry, competition, failure to estimate customer demand accurately, dependency on third-party suppliers, defects in products, adverse economic conditions, international sales and operations risks, product and system security breaches, business disruptions, climate change, and the inability to realize the potential benefits of business investments or acquisitions."
What are the potential risks that could negatively impact the company's business and financial performance?," The company is exposed to various risks, including the loss of key customers, inability to attract and retain executives and key employees, modification or interruption of business processes and information systems, fluctuating operating results, regulatory and legal issues, scrutiny of corporate sustainability practices, issues related to the responsible use of technologies, inadequate protection of intellectual property rights, data privacy and security concerns, tax liabilities, and litigation, investigations, and regulatory proceedings."
What are the potential risks that could impact the financial results of the company?," The potential risks that could impact the financial results of the company include failure to meet the evolving needs of the industry and markets, inability to timely identify and adapt to industry changes, failure to develop or acquire new products and technologies, inability to launch new offerings with new business models, failure to expand the ecosystem for products and technologies, inability to meet evolving customer and industry safety, security, reliability expectations and compliance standards, and inability to develop, acquire, maintain, and secure access to the internal and external infrastructure needed to scale the business."
What are the potential risks that could harm NVIDIA's financial results?," NVIDIA's financial results could be adversely affected if they fail to develop or monetize new products and technologies, if they do not become widely adopted, if they fail to obtain design wins, if they fail to provide value to their customers and partners, if their cloud services are not successful, or if they fail to sell meaningful standalone software or services."
What are the potential risks that could harm the company's business if it fails to successfully compete with its competitors?," The company may incur significant costs and fail to achieve significant revenue from its offerings, and its market share and financial results could be negatively impacted by competition. The competitors may have advantages such as cheaper products, better functionality, longer operating histories, larger customer bases, more comprehensive IP portfolios, and greater financial, sales, marketing, and distribution resources, which could lead to the company's inability to procure sufficient foundry capacity and scarce input materials, harm its business, and decrease demand for its products, services, and technologies."
What are the potential risks associated with estimating customer demand accurately in the company's manufacturing process?," The potential risks associated with estimating customer demand accurately in the company's manufacturing process include mismatches between supply and demand, leading to product shortages and excess inventory, which can significantly harm the company's financial results."
What are some factors that could cause a mismatch between supply and demand for NVIDIA's products and impact the timing and volume of their revenue?," The factors that could cause a mismatch between supply and demand for NVIDIA's products and impact the timing and volume of their revenue include changes in product development cycles and time to market, competing technologies and competitor product releases and announcements, changes in business and economic conditions resulting in decreased end demand, sudden or sustained government lockdowns or actions to control case spread of global or local health issues, rapidly changing technology or customer requirements, the availability of sufficient data center capacity and energy for customers to procure, new product introductions and transitions resulting in less demand for existing products, new or unexpected end-use cases, increase in demand for competitive products, including competitive actions, business decisions made by third parties, the demand for accelerated or AI-related cloud services, including NVIDIA's own software and NVIDIA DGX Cloud services, changes that impact the ecosystem for the architectures underlying NVIDIA's products and technologies, the demand for NVIDIA's products, or government actions or changes in governmental policies, such as export controls or increased restrictions on gaming usage."
What are the potential risks associated with the increased complexity and execution risk in the supply chain due to the company's product transitions?," The potential risks associated with the increased complexity and execution risk in the supply chain due to the company's product transitions include the creation of more complexity, execution risk, and the possibility of incurring inventory provisions or impairments if inventory or supply or capacity commitments exceed demand for the company's products or demand declines."
What are the potential risks associated with the company's product transitions and architectural changes?," The potential risks associated with the company's product transitions and architectural changes include reduced demand for current generation architectures, reduced ability to sell multiple product architectures at the same time, unanticipated quality or production issues, increased inventory provisions, warranty or other costs, product delays, and impairment of the company's ability to predict demand and impact on supply mix, which may result in negative impacts on the company's financial results."
What could happen if the company is unable to procure sufficient supply to meet demand or fails to fulfill customer orders on a timely basis?," If the company is unable to procure sufficient supply to meet demand or fails to fulfill customer orders on a timely basis, it could damage customer relationships, lead to a loss of revenue and market share, and harm the company's reputation. Additionally, supply constraints or availability issues with respect to any one component could have a broader revenue impact, particularly if the product is part of a complex data center buildout."
What are some of the factors that may negatively impact NVIDIA's gross margins and financial results?," The factors that may negatively impact NVIDIA's gross margins and financial results include the growth of new and innovative use cases and applications, incorrect demand estimates for these use cases, volatility in revenue or supply levels, challenges in estimating demand, extended lead times due to supply constraints, and geopolitical tensions that could impact suppliers, contract manufacturers, and assembly partners."
How does the volatility in the cryptocurrency market impact the demand for NVIDIA's products?," The volatility in the cryptocurrency market, including new compute technologies, price changes in cryptocurrencies, government cryptocurrency policies and regulations, new cryptocurrency standards and changes in the method of verifying blockchain transactions, has impacted and can in the future impact cryptocurrency mining and demand for NVIDIA's products. This volatility has led to inconsistent spikes and drops in demand, making it difficult for the company to estimate demand for its products with any reasonable degree of precision."
"What are some of the risks that could negatively impact the business operations, gross margin, revenue, and financial results of the company?"," The company faces several risks that could negatively impact its business operations, gross margin, revenue, and financial results, including the lack of guaranteed supply of wafers, components, and capacity, decommitment and potential higher prices, failure by foundries or contract manufacturers to procure raw materials or provide adequate manufacturing or test capacity, failure by foundries to develop, obtain, or successfully implement high-quality process technologies, failure by suppliers to comply with policies and expectations and emerging regulatory requirements, and limited number and geographic concentration of global suppliers, foundries, contract manufacturers, assembly and test providers, and memory suppliers."
What are some of the risks associated with the company's reliance on suppliers and partners for manufacturing and assembly of their products?," The company faces risks such as loss of a supplier and additional expense and/or production delays as a result of qualifying a new foundry or subcontractor and commencing volume production or testing in the event of a loss, addition or change of a supplier; lack of direct control over product quantity, quality and delivery schedules; suppliers or their suppliers failing to supply high quality products and/or making changes to their products without the company's qualification; delays in product shipments, shortages, a decrease in product quality and/or higher expenses in the event the company's subcontractors or foundries prioritize their competitors' or other customers' orders over theirs; requirements to place orders that are not cancellable upon changes in demand or requirements to prepay for supply in advance; low manufacturing yields resulting from a failure in the company's product design or a foundry's proprietary process technology; and disruptions in manufacturing, assembly and other processes due to closures related to heat waves, earthquakes, fires, or other natural disasters and electricity conservation efforts."
What are the potential risks and consequences of using third-party components and training data in AI software products?," The potential risks and consequences include unknown or undetected defects and errors, unintended bias, loss of data or intangible property, exposure to malicious software programs, substantial damage to integrated products, significant warranty, support, and repair or replacement costs, write-off of related inventory, diversion of engineering and management personnel, failure to achieve market acceptance, loss of design wins, temporary or permanent withdrawal from a product or market, harm to relationships with customers and partners, and negative impact on the company's brand."
"What are some potential risks that could negatively impact the company's business operations, gross margin, revenue, and financial results?"," The company may face risks such as product liability claims, defects in third-party components, inadequate business liability insurance, adverse economic conditions, including recession, inflation, changes in fiscal, monetary, or trade policy, disruptions to capital markets and the banking system, currency fluctuations, higher interest rates, tighter credit, lower capital expenditures by businesses, increases in unemployment, and labor shortages, which could lead to significant costs, diversion of resources, and harm to the business."
What are some of the potential risks that could have adverse effects on the business and financial results of the company?," The potential risks include increased costs for wafers, components, logistics, and other supply chain expenses, increased supply, employee, facilities, and infrastructure costs and volatility in the financial markets, decrease in demand for products, services, and technologies, inability of suppliers to deliver on their supply commitments, limits on the ability to forecast operating results and make business decisions, insolvency of key suppliers, distributors, customers, cloud service providers, data center providers, licensing parties, or other third parties, reduced profitability of customers, increased credit and collectability risks, higher borrowing costs or reduced availability of capital markets, reduced liquidity, adverse impacts on customers and suppliers, failures of counterparties, including financial institutions and insurers, asset impairments, and declines in the value of financial instruments."
What are some of the potential risks that could harm the company's business?," The company is exposed to various risks that could harm its business, including market-wide liquidity problems and disruptions, credit, liquidity, market, and interest rate risks related to its investment portfolio, global financial market downturns, a decline in the value of the US dollar, reduced market liquidity, and a downgrade of the USG credit rating due to an actual or threatened default on government debt. Additionally, the company's international sales and operations expose it to risks such as changes in trade policies, tariffs, and other regulatory requirements, as well as potential disruptions to its supply chain and manufacturing processes."
"What are some of the risks and uncertainties that could have a material adverse effect on the business, financial condition, and results of operations of the company?"," The company is exposed to a number of risks and uncertainties, including domestic and international economic and political conditions, government lockdowns, differing legal standards, disruptions to capital markets, counter-inflation policies, currency fluctuations, natural disasters, acts of war or other military actions, terrorism, public health issues, and other catastrophic events. Additionally, the company is also vulnerable to product, system security, and data protection breaches, as well as cyber-attacks, which could disrupt operations, reduce revenue, increase expenses, and harm the business and reputation."
What are the potential sources of cybersecurity threats that the company may face?," The company may face cybersecurity threats from individuals, groups of hackers, sophisticated organizations, nation-states, nation-state-supported actors, and other threat actors, as well as from AI technology, geopolitical conflicts, employee error or intentional misconduct, and supply-chain attacks or other business disruptions from third-party suppliers and infrastructure."
What are the potential risks associated with the use of third-party data and suppliers in the development of AI algorithms?," The potential risks associated with the use of third-party data and suppliers in the development of AI algorithms include the possibility of flawed, insufficient, or biased data, vulnerability to security incidents, limited insight into the data privacy or security practices of third-party suppliers, and potential liability and harm to the business if a security incident occurs."
What are the potential consequences of a security incident or breach of confidentiality in NVIDIA's systems or software?," The potential consequences of a security incident or breach of confidentiality in NVIDIA's systems or software could result in reputational and financial harm, including litigation and subsequent liability, regulatory inquiries or actions, damage to the company's brand and reputation, and other harm, including financial loss, loss of data, material disruptions in the company's business, and potential government enforcement actions, additional reporting requirements, and/or oversight."
What are the potential consequences of business disruptions on a company's operations and financial results?," Business disruptions could harm our operations, lead to a decline in revenue and increase our costs, resulting in inability to fulfill orders, delayed sales, lower margins or lost customers, which could adversely affect our financial results, stock price, and reputation."
"What are some of the potential risks that could harm the business, financial condition, and results of operations of the company?"," The company may be exposed to various risks, including geopolitical and domestic political developments, economic volatility, political instability, changes in government or adverse political developments, worldwide geopolitical tensions and conflicts, restrictions on business with certain countries, natural disasters, high heat events or water shortages, power shortages, information technology system failures or cyber-attacks, military actions, economic, business, labor, environmental, public health, or political issues, and catastrophic events that could disrupt manufacturing, logistics, or other operations, leading to declines in revenue, increases in expenses, and substantial expenditures and time spent to fully resume operations."
What are the potential risks and challenges that the company may face due to the geopolitical conflict in and around Israel?," The company may face potential risks and challenges such as increased expenses, substantial expenditures and time spent to fully resume operations, disruption to product development or operations due to employees being called-up for active military duty, and potential impact on future product development, operations, and revenue. Additionally, the company may also experience interruptions or delays in services from third-party providers, which could impair its ability to provide its products and services and harm its business."
What are the potential impacts of climate change on the business operations of the company?," Climate change may have a long-term impact on the company's business, potentially impairing the ability of customers to expand their data center capacity and consume the company's products and services. It may also lead to power safety shut-offs due to wild fire risk, disrupt the supply chain and critical infrastructure, cause political instability in regions where the company operates, and result in higher attrition, losses, and costs to maintain or resume operations."
What are some of the potential risks and challenges that NVIDIA may face due to climate change?," NVIDIA may face risks and challenges such as increased costs and restrictions due to changes in manufacturing processes, procurement of raw materials, and compliance and energy costs, as well as potential legal action, reputational harm, and contractual disputes due to supply chain delays and disruptions. Additionally, the company may not achieve its sustainability-related goals, may incur unexpected costs, and may experience business trends that are negatively impacted by climate change concerns, such as concerns around the high energy requirements of its GPUs."
What are the potential risks associated with the company's acquisitions and strategic investments?," The potential risks associated with the company's acquisitions and strategic investments include the impairment of its ability to grow its business, develop new products, or sell its products, which could negatively impact its financial results. Additionally, the company may limit its ability to enter into other transactions, may not be able to retain critical talent from the target company, and may face regulatory challenges, which could reduce the anticipated benefits of the transaction. Furthermore, the company's investments in publicly traded companies could create volatility in its results and may generate losses, and its investments in private companies could result in impairments and/or losses. The company also faces industry sector concentration risks, and a decline in any one or multiple industry sectors could increase its impairment losses."
What are some of the risks associated with acquisitions and strategic investments that a company may face?," The risks associated with acquisitions and strategic investments include difficulty in realizing a satisfactory return and uncertainties to realize the benefits of an acquisition or strategic investment, if at all; difficulty or inability in obtaining governmental, regulatory approval or restrictions or other consents and approvals or financing; legal proceedings initiated as a result of an acquisition or investment; potential failure of due diligence processes to identify significant issues with the assets or company in which the company is investing or acquiring; difficulty in integrating the technology, systems, products, policies, processes, or operations and integrating and retaining the employees, including key personnel, of the acquired business; assumption of liabilities and incurring amortization expenses, impairment charges to goodwill or write-downs of acquired assets; integrating accounting, forecasting and controls, procedures and reporting cycles; coordinating and integrating operations, particularly in countries in which the company does not currently operate; stock price impact, fines, fees or reputation harm if the company is unable to obtain regulatory approval for an acquisition or is otherwise unable to close an acquisition; potential issuances of debt to finance the acquisitions, resulting in increased debt, increased interest expense, and compliance with debt covenants or other restrictions; potential variability of the amount and form of any performance-based consideration; negative changes in general economic conditions in the regions or the industries in which the company or its target operate; exposure to additional cybersecurity risks and vulnerabilities; and impairment of relationships with, or loss of the company's or its target's employees, vendors."
What are the potential risks that the company may face in its business operations?," The company may face potential risks such as impairment of relationships with employees, vendors, and customers, lengthy and costly systems integration, delays in purchasing and shipping products, difficulties with system integration via electronic data interchange and other processes with key suppliers and customers, training and change management needs of integration personnel, loss of or inability to sell to a significant number of customers, and customers or partners developing their own solutions, purchasing products from competitors, or discontinuing sales or losing market share."
What could happen if end demand increases or our finished goods supply availability is concentrated near a quarter end?," The system integrators, distributors, and channel partners may have limited ability to increase their credit, which could impact the timing and amount of our revenue."
What are the potential risks that could negatively impact the company's financial performance and stock price?," The potential risks include the decrease in the retentive value of stock-based compensation due to stock price volatility, failure to ensure effective succession planning and smooth transitions involving executives and key employees, disruption to business processes and information systems, and identification of material weaknesses in internal controls, which could lead to a loss of investor confidence and a decline in stock price."
What are the potential consequences if a material weakness is not remediated in the company's financial statements?," If a material weakness is not remediated, the company's financial statements may be inaccurate, it may be required to restate its financial statements, its ability to report financial results on a timely and accurate basis may be adversely affected, its access to the capital markets may be restricted, its stock price may decline, and it may be subject to sanctions or investigation by regulatory authorities."
What are the potential risks that could negatively impact the company's business operations and profitability?," The potential risks that could negatively impact the company's business operations and profitability include shorter payment terms from vendors, volatility in operating expenses and investments, failure to meet expectations of investors or security analysts, complex laws and regulations, non-compliance with regulatory requirements, and potential violations by employees, contractors, suppliers, customers, or agents."
"What are some potential consequences of changes to laws, rules, and regulations that could impact NVIDIA's business?"," Changes to laws, rules, and regulations could lead to increased compliance and other costs, further restrictions on NVIDIA's ability to manufacture and supply its products, and potentially even increased taxation, trade sanctions, imposition of or increase to import duties or tariffs, restrictions, and damage to its reputation."
What are some potential risks to the company's business plans and operations due to government actions?," The company may face risks to its business plans and operations due to government actions such as trade sanctions, imposition of import duties or tariffs, restrictions and controls on imports or exports, or other retaliatory actions, which could have an adverse effect on the company's business and results of operations. Additionally, changes in public perception of governments in the regions where the company operates or plans to operate could also negatively impact its business and results of operations."
What are the potential risks and restrictions that the company may face in the future due to the increasing focus on AI technologies?," The company may face regulatory restrictions that target products and services capable of enabling or facilitating AI, which could result in additional restrictions impacting some or all of its product and service offerings. Additionally, there may be unilateral or multilateral restrictions on products that can be used for training, modifying, tuning, and deploying large language models (LLMs), which could limit the ability of downstream customers and users worldwide to acquire, deploy, and use systems that include the company's products, software, and services, and negatively impact its business and financial results."
How might export controls targeting GPUs and semiconductors associated with AI impact NVIDIA's business and financial results?," Export controls targeting GPUs and semiconductors associated with AI could negatively impact NVIDIA's business and financial results by restricting the company's ability to export its technology, products, or services, creating a competitive disadvantage, disrupting its supply chain and distribution channels, and potentially leading to reduced demand, excess inventory, and related supply charges."
What are the potential consequences if regulators in China conclude that NVIDIA has failed to fulfill its commitments or has violated applicable law in China?," If regulators in China conclude that NVIDIA has failed to fulfill its commitments or has violated applicable law in China, the company could be subject to various penalties or restrictions on its ability to conduct its business, which could have a material and adverse impact on its business, operating results, and financial condition."
What are the new and updated licensing requirements announced by the USG in October 2023 for exports to certain countries?," The new and updated licensing requirements announced by the USG in October 2023 apply to exports of certain products, including A100, A800, H100, H800, L4, L40, L40S, and RTX 4090, to China and Country Groups D1, D4, and D5 (including but not limited to, Saudi Arabia, the United Arab Emirates, and Vietnam, but excluding Israel), and to parties headquartered in, or with an ultimate parent headquartered in, Country Group D5, including China."
What are the potential risks and challenges that NVIDIA may face due to the USG's export control regulations?," NVIDIA may face potential risks and challenges such as delayed or denied license applications, burdensome license conditions, harm to its competitive position, and increased costs due to the complexity of managing the new licenses and requirements. Additionally, the company may be disadvantaged compared to its competitors who are not subject to the same restrictions, and its future results may be harmed if customers purchase products from competitors, develop their own internal solutions, or if the USG does not grant licenses in a timely manner."
What are the potential consequences of the USG imposing export controls on the company's products?," The potential consequences of the USG imposing export controls on the company's products include making it more cumbersome and less certain for customers in China to purchase their products, encouraging them to seek alternatives from suppliers based in China, Europe, or Israel, and potentially excluding the company from all or part of the China market, as well as other impacted markets, including the Middle East. Additionally, export controls may disrupt the company's supply and distribution chain, negatively impact sales of certain products, and reduce demand for their networking products used in servers containing their GPUs."
What are the potential negative impacts of excessive or shifting export controls on NVIDIA's business?," Excessive or shifting export controls may negatively impact demand for NVIDIA's products and services not only in China, but also in other markets such as Europe, Latin America, and Southeast Asia, potentially harming the company's business, market position, and financial results. Additionally, such controls may encourage customers to ""design-out"" certain U.S. semiconductors from their products, leading to a loss of market share and increased investment in foreign competitors."
What are the potential risks that could negatively impact the company's business and financial results?," The potential risks include restrictions on sales of products containing certain components made by Micron, restrictions on receiving supply of components, parts, or services from Taiwan, increased scrutiny from shareholders, regulators, and others regarding corporate sustainability practices, and failure to meet evolving shareholder, regulator, or other industry stakeholder expectations, which could result in additional costs, reputational harm, and loss of customers and suppliers."
What are the potential risks and challenges that AI poses to the company's business?," The potential risks and challenges that AI poses to the company's business include reputational or financial harm and liability due to issues relating to the responsible use of AI in their products and services, controversy over the impact of AI solutions on society, inability to develop effective internal policies and frameworks for the responsible development and use of AI models and systems, and compliance with multiple regulations from different jurisdictions related to AI, which could increase the cost of doing business, change the way the company operates in certain jurisdictions, or impede its ability to offer certain products and services in certain jurisdictions."
What are the potential consequences of failing to adequately address concerns and regulations relating to the responsible use of AI in the company's products and services?, Our failure to adequately address concerns and regulations relating to the responsible use of AI by us or others could undermine public confidence in AI and slow adoption of AI in our products and services or cause reputational or financial harm.
What are the potential risks to the company's intellectual property rights and how could they impact the business?," The potential risks to the company's intellectual property rights include the inability to obtain licenses on acceptable terms, the possibility of piracy of technology and products, the theft or unauthorized use or publication of trade secrets and other confidential information, and the risk of IP infringement if employees are hired by competitors. These risks could negatively impact the business by increasing operating expenses, reducing the value of research and development, product development, and marketing, and damaging the company's reputation, deterring customers, and resulting in legal or regulatory proceedings and liability."
"What are the potential consequences of concerns about the collection, use, retention, security, or disclosure of personal information or other privacy-related matters?"," Concerns about our practices or the ultimate use of our products and services with regard to the collection, use, retention, security or disclosure of personal information or other privacy-related matters, including for use in AI, even if unfounded, could damage our reputation and adversely affect our operating results. The theft, loss or misuse of personal data in our possession or by one of our partners could result in damage to our reputation, regulatory proceedings, disruption of our business activities or increased security costs and costs related to defending legal claims."
What are the potential consequences if a company is found not to comply with data protection regulations?," If a company is found not to comply with data protection regulations, it could be subject to penalties of up to €20 million or 4% of worldwide revenue, whichever is greater, and classes of individuals or consumer protection organizations may initiate litigation related to the company's processing of their personal data."
What are some of the mechanisms that can be used to transfer personal data from the EEA and UK to the United States?," The European Commission's Standard Contractual Clauses, the U.K.'s International Data Transfer Agreement / Addendum, the EU-U.S. Data Privacy Framework, and the U.K. extension thereto, which allows for transfers to relevant U.S.-based organizations who self-certify compliance and participate in the Framework, are some of the mechanisms that can be used to transfer personal data from the EEA and UK to the United States."
What are some of the potential risks and challenges that the company may face in terms of data privacy and security?," The company may face potential risks and challenges such as the need to collaborate with parties subject to European, China, and other data privacy and security laws, which could require significant expense; the possibility of being prevented from transferring personal data out of Europe due to alleged violations of the GDPR's cross-border data transfer limitations, which could negatively impact the business; contractual obligations related to data privacy and security that may not be successful or may be claimed to be non-compliant; the risk of litigation, regulatory action, or fines if personal data is exposed or altered; and the need to comply with changing data protection laws around the world, which may be interpreted and applied in a stringent fashion and may necessitate changes to the company's product design, information technologies, systems, and practices."
What are the potential consequences if the company fails to comply with data privacy and security obligations?," The potential consequences include government enforcement actions, litigation, additional reporting requirements and/or oversight, bans on processing personal data, and orders to destroy or not use personal data, which could have a material adverse effect on the company's reputation, business, or financial condition."
What factors may affect a company's future effective tax rate?," The factors that may affect a company's future effective tax rate include changes in business or statutory rates, the mix of earnings in countries with different statutory tax rates, available tax incentives, credits and deductions, the expiration of statutes of limitations, changes in accounting principles, adjustments to income taxes upon finalization of tax returns, increases in expenses not deductible for tax purposes, the estimates of deferred tax assets and liabilities and deferred tax asset valuation allowances, changing interpretation of existing laws or regulations, the impact of accounting for business combinations, as well as changes in the domestic or international organization of the business and structure, and the tax effects of accounting for stock-based compensation and volatility in the company's stock price."
What are the potential consequences of an unfavorable outcome in the litigation and regulatory proceedings mentioned in the text?," An unfavorable outcome or settlement may result in a material adverse impact, including monetary damages or fines, an injunction stopping the company from manufacturing or selling certain products, engaging in certain business practices, or requiring other remedies, such as compulsory licensing of patents."
What could potentially delay or prevent a change in control of NVIDIA?," The anti-takeover provisions of the Delaware General Corporation Law, provisions in NVIDIA's certificate of incorporation and bylaws, and the agreement with Microsoft for the Xbox, which include the ability of the Board of Directors to create and issue preferred stock, change the number of directors, and to make, amend or repeal bylaws without prior shareholder approval, among other provisions."
What frameworks does the company's information security management program generally follow?, The company's information security management program generally follows processes outlined in frameworks such as the ISO 27001 international standard for Information Security.
Who is responsible for managing the company's assessment and management of material risks from cybersecurity threats?," The Chief Security Officer, who reports to the Senior Vice President of Software Engineering, is responsible for managing the company's assessment and management of material risks from cybersecurity threats."
Where is NVIDIA's common stock traded?, NVIDIA's common stock is traded on the Nasdaq Global Select Market under the symbol NVDA.
"What is the approximate dollar value of shares that may yet be purchased under NVIDIA's share repurchase program as of January 28, 2024?", $22.5 billion.
What is the purpose of the graph presented in the text?," The graph compares the cumulative total shareholder return for NVIDIA's common stock, the S&P 500 Index, and the Nasdaq 100 Index for the five years ended January 28, 2024, assuming that $100 was invested on January 27, 2019 in each of the three entities."
What are the two operating segments of NVIDIA?," The two operating segments of NVIDIA are ""Compute & Networking"" and ""Graphics."""
What are some of the risks associated with the increasing frequency and complexity of product transitions in NVIDIA's business?," The risks associated with the increasing frequency and complexity of product transitions in NVIDIA's business include the potential for reduced revenue due to manufacturing lead times, quality or production issues that could increase inventory provisions, warranty or other costs, or result in product delays, as well as the difficulty in predicting demand and managing supply mix, which could impair the company's ability to meet customer needs and expectations."
"What are the potential risks associated with the company's demand estimates for new use cases, applications, and services?"," The potential risks associated with the company's demand estimates for new use cases, applications, and services include the creation of volatility in revenue or supply levels, and the possibility that the company may not be able to generate significant revenue from these new use cases, applications, and services."
What is the expected impact of USG's export controls on the company's business in China?," The company expects China to represent a mid-single digit percentage of its Data Center revenue in the first quarter of fiscal year 2025, and may be unable to sell its inventory of restricted products and may be unable to develop replacement products not subject to licensing requirements, effectively excluding it from all or part of the China market, as well as other impacted markets, including the Middle East."
What are the potential macroeconomic factors that may have an impact on the company's results of operations?," Macroeconomic factors, including inflation, increased interest rates, capital market volatility, global supply chain constraints, and global economic and geopolitical developments, may have direct and indirect impacts on the company's results of operations, particularly demand for their products."
What was the revenue for NVIDIA's fiscal year 2024?," The revenue for NVIDIA's fiscal year 2024 was $60.9 billion, which is an increase of 126% from the previous year."
What was the revenue for Data Center in fiscal year 2024?," Data Center revenue for fiscal year 2024 was $47.5 billion, up 217% from fiscal year 2023."
What are the critical accounting estimates that could have a material impact on NVIDIA's financial condition or results of operations?," The critical accounting estimates that involve a significant level of estimation uncertainty and could have a material impact on NVIDIA's financial condition or results of operations are in the areas of inventories, revenue recognition, and income taxes."
What are some situations that may result in excess or obsolete inventory or excess product purchase commitments?," Situations that may result in excess or obsolete inventory or excess product purchase commitments include changes in business and economic conditions, changes in market conditions, sudden and significant decreases in demand for our products, inventory obsolescence because of changing technology and customer requirements, new product introductions resulting in less demand for existing products or inconsistent spikes in demand, failure to estimate customer demand properly, ordering in advance of historical lead-times, government regulations and the impact of changes in future demand, or increase in demand for competitive products, including competitive actions."
What factors can cause the estimates of deferred tax assets and liabilities to change?," The estimates of deferred tax assets and liabilities may change based on added certainty or finality to an anticipated outcome, changes in accounting standards or tax laws in the U.S. or foreign jurisdictions where the company operates, or changes in other facts or circumstances."
"How does the company account for customer programs, which involve rebates and marketing development funds?"," The company accounts for customer programs as a reduction in revenue and accrues for such programs based on the amount it expects to be claimed by customers, which includes a combination of historical attainment and claim rates and may be adjusted based on relevant internal and external factors."
How do NVIDIA allocate the total transaction price to each distinct performance obligation in a multiple performance obligations arrangement?, NVIDIA allocate the total transaction price to each distinct performance obligation in a multiple performance obligations arrangement on a relative standalone selling price basis.
What was the year-on-year increase in Compute & Networking revenue?," The year-on-year increase in Compute & Networking revenue was due to higher Data Center revenue, with Compute growing 266% due to higher shipments of the NVIDIA Hopper GPU computing platform for the training and inference of LLMs, recommendation engines, and generative AI applications, and Networking up 133% due to higher shipments of InfiniBand."
What percentage of the company's revenue was attributed to sales to customers outside of the United States in fiscal year 2024?, 56% of the company's total revenue in fiscal year 2024 was attributed to sales to customers outside of the United States.
What are the components of cost of revenue in the company's financial report?," The components of cost of revenue in the company's financial report include fabrication, assembly, testing and packaging, board and device costs, manufacturing support costs, including labor and overhead associated with such purchases, final test yield fallout, inventory and warranty provisions, memory and component costs, tariffs, and shipping costs, as well as acquisition-related costs, development costs for license and service arrangements, IP-related costs, and stock-based compensation related to personnel associated with manufacturing operations."
What was the acquisition termination cost recorded by the company in fiscal year 2023 related to the Arm transaction?," The acquisition termination cost recorded by the company in fiscal year 2023 related to the Arm transaction was $1.4 billion, which reflected the write-off of the prepayment provided at signing."
What is the reason for the increase in the effective tax rate of the company in the fiscal year 2024?," The effective tax rate increased due to a decreased impact of tax benefits from the FDII deduction, stock-based compensation, and the U.S. federal research tax credit, relative to the increase in income before income tax."
What were the primary sources of liquidity for the company at the end of fiscal year 2024?," The primary sources of liquidity for the company at the end of fiscal year 2024 were its cash, cash equivalents, and marketable securities, as well as the cash generated by its operations."
"What is the expected use of cash, cash equivalents, and marketable securities by the company during fiscal year 2025?"," The company expects to use its existing cash, cash equivalents, and marketable securities, as well as the cash generated by its operations, to fund its capital investments of approximately $3.5 billion to $4.0 billion related to property and equipment during fiscal year 2025."
What is the purpose of the company's share repurchase program?, The company's share repurchase program aims to offset dilution from shares issued to employees.
What is the potential impact on the fair value of the company's investment portfolio if there is a parallel shift in the yield curve of plus or minus 0.5%?," According to the company's sensitivity analysis, a parallel shift in the yield curve of plus or minus 0.5% would result in a change in fair value for these investments of $93 million as of the end of fiscal year 2024."
"What would be the impact on the company's income before taxes if the U.S. dollar strengthened by 10% as of January 28, 2024?"," The amount recorded in accumulated other comprehensive income (loss) related to foreign exchange contracts before tax effect would have been $116 million lower, and the adverse impact on income before taxes would have been $60 million."
What is the date as of which the management of the company has concluded that its disclosure controls and procedures were effective?," January 28, 2024."
"What is the purpose of the trading arrangement adopted by John O. Dabiri, a member of NVIDIA's Board of Directors, on December 18, 2023?"," The purpose of the trading arrangement is to satisfy the affirmative defense conditions of Rule 10b5-1(c) for the sale through December 2, 2024 of an estimated 553 shares of NVIDIA's common stock, assuming the closing stock price as of January 26, 2024."
"What information regarding directors, executive officers, and corporate governance is omitted from this report?"," The information regarding directors, executive officers, and corporate governance is omitted from this report because it will be contained in the company's 2024 Proxy Statement, which will be filed with the SEC no later than 120 days after the end of fiscal year 2024, and certain information included therein is incorporated herein by reference."
What information regarding the company's Code of Conduct will be contained in the 2024 Proxy Statement?," The information regarding the company's Code of Conduct will be contained in the 2024 Proxy Statement under the caption ""Information About the Board of Directors and Corporate Governance - Code of Conduct,"" and will also be published on the Investor Relations portion of the company's website, under Governance, at www.nvidia.com."
What information regarding related transactions and director independence will be contained in the 2024 Proxy Statement?, Information regarding related transactions and director independence will be contained in the 2024 Proxy Statement under the captions “Review of Transactions with Related Persons” and “Information About the Board of Directors and Corporate Governance - Independence of the Members of the Board of Directors.”
Who is responsible for the Company's consolidated financial statements and internal control over financial reporting?," The Company's management is responsible for the consolidated financial statements, for maintaining effective internal control over financial reporting, and for its assessment of the effectiveness of internal control over financial reporting."
What is the purpose of the auditor's audit of the consolidated financial statements and internal control over financial reporting?," The purpose of the auditor's audit is to express opinions on the Company's consolidated financial statements and internal control over financial reporting based on their audits, to obtain reasonable assurance about whether the consolidated financial statements are free of material misstatement, whether due to error or fraud, and whether effective internal control over financial reporting was maintained in all material respects."
What is the purpose of a company's internal control over financial reporting?," A company's internal control over financial reporting is a process designed to provide reasonable assurance regarding the reliability of financial reporting and the preparation of financial statements for external purposes in accordance with generally accepted accounting principles. It includes policies and procedures that ensure the accurate and fair reflection of transactions and dispositions of assets, the recording of transactions necessary for financial statement preparation, and the prevention or timely detection of unauthorized acquisition, use, or disposition of assets that could have a material effect on the financial statements."
What is the critical audit matter that the auditor is reporting in the consolidated financial statements?," The critical audit matter is the valuation of inventories, specifically the provisions for excess or obsolete inventories and excess product purchase commitments, which requires significant judgment by management and auditor subjectivity and effort in performing procedures and evaluating management's assumptions related to future demand and market conditions."
What procedures did the auditor perform to address the matter of management's provisions for excess or obsolete inventories and excess product purchase commitments?," The auditor performed procedures that included testing the effectiveness of controls relating to management's provisions for excess or obsolete inventories and excess product purchase commitments, testing management's process for developing the provisions, evaluating the appropriateness of management's approach, testing the completeness and accuracy of underlying data used in the approach, and evaluating the reasonableness of management's assumptions related to future demand and market conditions."
"What is the net income per share of NVIDIA Corporation for the year ended January 29, 2023?"," The net income per share of NVIDIA Corporation for the year ended January 29, 2023 is $12.05 for basic and $11.93 for diluted."
"What is the total shareholders' equity of NVIDIA Corporation and Subsidiaries as of January 28, 2024?"," The total shareholders' equity of NVIDIA Corporation and Subsidiaries as of January 28, 2024 is $65,728 million."
"What is the total shareholders' equity of NVIDIA Corporation and Subsidiaries as of January 28, 2024?"," The total shareholders' equity of NVIDIA Corporation and Subsidiaries as of January 28, 2024 is $42,978 million."
"What is the net cash provided by operating activities of NVIDIA Corporation and Subsidiaries for the year ended January 29, 2023?"," The net cash provided by operating activities for the year ended January 29, 2023 is $7,280."
"What is the fiscal year of NVIDIA Corporation, and what is the end date of each fiscal year?"," NVIDIA Corporation operates on a 52- or 53-week year, ending on the last Sunday in January. Fiscal years 2024, 2023, and 2022 were all 52-week years."
"What was the impact of the change in equipment and assembly and test equipment on the company's operating income and net income for the fiscal year ended January 28, 2024?"," The change in equipment and assembly and test equipment resulted in a benefit of $135 million in operating income and $114 million in net income, or $0.05 per both basic and diluted share, for the fiscal year ended January 28, 2024."
How does NVIDIA account for customer programs such as rebates and marketing development funds (MDFs)?, NVIDIA accounts for customer programs as a reduction to revenue and accrues for such programs for potential rebates and MDFs based on the amount they expect to be claimed by customers.
How is revenue recognized for software licenses?, Revenue from software licenses is recognized up front when the software is made available to the customer.
What is the method used to estimate the fair value of performance stock units that are based on market conditions?," We use a Monte Carlo simulation on the date of grant to estimate the fair value of performance stock units that are based on market conditions, or market-based PSUs."
"What are the types of matters that NVIDIA Corporation and its subsidiaries may be involved in, which could lead to litigation or investigation?"," The types of matters that NVIDIA Corporation and its subsidiaries may be involved in, which could lead to litigation or investigation, include taxes, labor and employment, competition and antitrust, commercial disputes, goods and services offered by the company and by third parties, and other matters."
What is the purpose of recognizing a valuation allowance to reduce deferred tax assets?," The purpose of recognizing a valuation allowance is to reduce any deferred tax assets by the amount of any tax benefits that, based on available evidence and judgment, are not expected to be realized."
How are available-for-sale debt securities reported in the financial statements of NVIDIA Corporation?," Available-for-sale debt securities are reported at fair value with the related unrealized gains and losses included in accumulated other comprehensive income or loss, a component of shareholders' equity, net of tax."
What is the accounting treatment for changes in the fair value of derivative instruments designated as fair value hedges?, The gains or losses on derivative instruments designated as fair value hedges are recognized in earnings in the periods of change together with the offsetting losses or gains on the hedged items attributed to the risk being hedged.
What is the method used to compute the cost of inventory in the company?," The company uses an adjusted standard basis, which approximates actual cost on an average or first-in, first-out basis, to compute the cost of inventory."
What method is used to compute depreciation of property and equipment by NVIDIA Corporation?," The straight-line method is used to compute depreciation of property and equipment by NVIDIA Corporation, based on the estimated useful lives of the assets, which range from three to seven years."
What are the factors considered in the quantitative impairment test to estimate a reporting unit's fair value?," The quantitative impairment test considers factors that include, but are not limited to, prospective financial information, growth rates, residual values, discount rates, and comparable multiples from publicly traded companies in our industry, and requires us to make certain assumptions and estimates regarding industry economic factors and the future profitability of our business."
What is the method used to determine the fair value of an asset or asset group when its carrying amount exceeds its estimated future cash flows?," An impairment charge is recognized for the amount by which the carrying amount of the asset or asset group exceeds the estimated fair value of the asset or asset group, which is determined based on the estimated discounted future cash flows expected to be generated by the asset or asset group."
How are impairment losses on non-marketable equity securities recognized in the Consolidated Statements of Income?," Impairment losses on non-marketable equity securities are recognized in other income (expense), net on the Consolidated Statements of Income, and are recorded by writing down the investment to its fair value and recording the corresponding charge."
What is the effective date for the new accounting standard issued by the FASB regarding significant expenses in operating segments?, The new accounting standard is effective for our annual reporting for fiscal year 2025 and for interim period reporting starting in fiscal year 2026 retrospectively.
"What is the total operating lease expenses for fiscal years 2024, 2023, and 2022?"," The total operating lease expenses for fiscal years 2024, 2023, and 2022 were $269 million, $193 million, and $168 million, respectively."
"What is the weighted average grant-date fair value per share of RSUs, PSUs, and market-based PSUs granted in the year ended January 28, 2024?"," The weighted average grant-date fair value per share of RSUs, PSUs, and market-based PSUs granted in the year ended January 28, 2024 is $374.08."
"What is the method used to estimate forfeitures for RSU, PSU, and market-based PSU awards?", Forfeitures are estimated based on historical experience and are revised semi-annually and in subsequent periods if actual forfeitures differ from those estimates.
What is the vesting schedule for PSUs under NVIDIA Corporation's equity incentive plans?," PSUs vest over a four-year period, subject to continued service, with 25% vesting on a pre-determined date that is close to the anniversary of the date of grant and 6.25% vesting quarterly thereafter."
"What was the total fair value of RSUs and PSUs, as of their respective vesting dates, during the years ended January 28, 2024, January 29, 2023, and January 30, 2022?"," The total fair value of RSUs and PSUs, as of their respective vesting dates, during the years ended January 28, 2024, January 29, 2023, and January 30, 2022, was $8.2 billion, $4.3 billion, and $5.6 billion, respectively."
"What was the total carrying amount of goodwill as of January 29, 2023?"," The total carrying amount of goodwill as of January 29, 2023 was $4.4 billion, consisting of goodwill balances allocated to the Compute & Networking and Graphics reporting units of $4.0 billion and $370 million, respectively."
"What is the estimated fair value of the cash equivalents and marketable securities of NVIDIA Corporation and Subsidiaries as of January 28, 2024?"," The estimated fair value of the cash equivalents and marketable securities of NVIDIA Corporation and Subsidiaries as of January 28, 2024 is $25,724 million."
What are the gross unrealized losses related to in the financial statements of NVIDIA Corporation and Subsidiaries?," The gross unrealized losses are related to fixed income securities, driven primarily by changes in interest rates."
"What is the fair value of the company's marketable equity securities as of January 28, 2024?"," The fair value of the company's marketable equity securities as of January 28, 2024 is $225 million."
"What was the carrying value of NVIDIA's non-marketable equity securities as of January 28, 2024?"," The carrying value of NVIDIA's non-marketable equity securities totaled $1.3 billion as of January 28, 2024."
"What percentage of the company's accounts receivable balance as of January 28, 2024, was accounted for by two customers?"," 24% and 11%, which is a total of 35%."
"What were the property, equipment, and intangible assets acquired by assuming related liabilities during fiscal years 2024, 2023, and 2022?"," The property, equipment, and intangible assets acquired by assuming related liabilities during fiscal years 2024, 2023, and 2022 were $170 million, $374 million, and $258 million, respectively."
"What is the breakdown of other long-term liabilities for NVIDIA Corporation as of January 29, 2023?"," The breakdown of other long-term liabilities for NVIDIA Corporation as of January 29, 2023 is: Income tax payable ($1,361 million), Deferred income tax ($462 million), Deferred revenue ($573 million), Licenses payable ($80 million), and Other ($65 million), totaling $2,541 million."
What is the purpose of entering into foreign currency forward contracts by NVIDIA Corporation?, The purpose of entering into foreign currency forward contracts by NVIDIA Corporation is to mitigate the impact of foreign currency exchange rate movements on their operating expenses and to mitigate the impact of foreign currency movements on monetary assets and liabilities denominated in currencies other than the U.S. dollar.
"What is the carrying value of NVIDIA Corporation's outstanding notes as of January 28, 2024?"," The carrying value of NVIDIA Corporation's outstanding notes as of January 28, 2024 is $9,703 million."
"What is the total amount of outstanding inventory purchase and long-term supply and capacity obligations as of January 28, 2024?"," The total amount of outstanding inventory purchase and long-term supply and capacity obligations as of January 28, 2024 is $16.1 billion."
What was the outcome of the district court's decision in the securities class action lawsuit against NVIDIA Corporation?," The district court granted NVIDIA's motion to dismiss the complaint without leave to amend, entered judgment in favor of NVIDIA, and closed the case on March 2, 2021."
What is the deadline for NVIDIA to file a petition for a writ of certiorari in the Supreme Court of the United States?," March 4, 2024."
What are the claims made by the plaintiffs in the putative derivative actions against NVIDIA's officers and directors?," The claims made by the plaintiffs include breach of fiduciary duty, unjust enrichment, insider trading, misappropriation of information, corporate waste, and violations of Sections 14(a), 10(b), and 20(a) of the Exchange Act, based on the dissemination of allegedly false and misleading statements related to channel inventory and the impact of cryptocurrency mining on GPU demand."
"What is the amount of income tax expense (benefit) applicable to income before income taxes for the year ended January 28, 2024?"," The income tax expense (benefit) applicable to income before income taxes for the year ended January 28, 2024 is $5,710."
"What is the total deferred tax assets and liabilities of NVIDIA Corporation and Subsidiaries as of January 28, 2024?"," The total deferred tax assets are $6,448 million and the total deferred tax liabilities are $1,552 million, resulting in a net deferred tax asset of $4,896 million as of January 28, 2024."
"What is the amount of long-term deferred tax liabilities as of January 28, 2024, and January 29, 2023?"," As of January 28, 2024, the long-term deferred tax liabilities were $462 million, and as of January 29, 2023, they were $247 million."
"What is the amount of federal capital loss carryforwards that will begin to expire in fiscal year 2025 as of January 28, 2024?"," As of January 28, 2024, NVIDIA Corporation had federal capital loss carryforwards of $1.4 billion that will begin to expire in fiscal year 2025."
"What is the amount of penalties related to unrecognized tax benefits that the company has accrued as of January 28, 2024?"," The company has accrued $140 million for the payment of interest and penalties related to unrecognized tax benefits as of January 28, 2024."
What is the purpose of NVIDIA's share repurchase program?, The purpose of NVIDIA's share repurchase program is to offset dilution from shares issued to employees.
"What are the main categories of expenses included in the ""All Other"" category of NVIDIA's operating results?"," The ""All Other"" category includes expenses such as stock-based compensation expense, corporate infrastructure and support costs, acquisition-related and other costs, intellectual property-related costs, acquisition termination costs, and other non-recurring charges and benefits that the Company's Chief Operating Decision Maker (CODM) deems to be enterprise in nature."
"What percentage of NVIDIA Corporation's total revenue came from sales to customers outside of the United States for the fiscal years 2024, 2023, and 2022?"," For fiscal year 2024, 56% of total revenue came from sales to customers outside of the United States. For fiscal year 2023, 69% of total revenue came from sales to customers outside of the United States. For fiscal year 2022, 84% of total revenue came from sales to customers outside of the United States."
What percentage of total revenue did the United States account for in fiscal year 2024?, The United States accounted for 56% of total revenue for fiscal year 2024.
What do the additions and deductions in the valuation allowance on deferred tax assets represent?," Additions represent additional valuation allowance on capital loss carryforwards, and certain state and other deferred tax assets, while deductions represent the release of valuation allowance on certain state deferred tax assets."
What are the various forms and agreements mentioned in the provided text?," The text mentions the following forms and agreements: Officers' Certificate, Form of Note (with various years), Form of Indemnity Agreement, Amended and Restated 2007 Equity Incentive Plan, Non-Employee Director Deferred Restricted Stock Unit Grant Notice and Deferred Restricted Stock Unit Agreement, Non-Employee Director Restricted Stock Unit Grant Notice and Restricted Stock Unit Agreement, Global Performance-Based Restricted Stock Unit Grant Notice and Performance-Based Restricted Stock Unit Agreement, Global Restricted Stock Unit Grant Notice and Global Restricted Stock Unit Agreement, and various Schedules and Exhibits (such as 2.1, 3.1, 4.1, 4.2, 10.1, 10.2, 10.26, and 10.27)."
What are the dates mentioned in the provided text?," The dates mentioned in the provided text are: 9/16/2016, 2/24/2023, 3/31/2020, 3/7/2006, 3/12/2015, 3/11/2019, 5/21/2020, 6/16/2021, 10.7+, 10.8+, 10.9+, 10.10+, 10.11+, 10.12+, 10.13, 21.1*, 23.1*, 24.1*, 31.1*, 31.2*, 32.1#*, 32.2#*, 97.1+*, 101.INS*, 101.SCH*, 101.CAL*, 101.DEF*, 101.LAB*, 101.PRE*, 104, 2021, 2022, 2023, 2024, November 30, 2023."
What is the purpose of the certifications furnished in Exhibits 32.1 and 32.2 in the Annual Report on Form 10-K?," The certifications furnished in Exhibits 32.1 and 32.2 are deemed to accompany the Annual Report on Form 10-K and will not be deemed ""filed"" for the purpose of Section 18 of the Exchange Act, except to the extent that the registrant specifically incorporates it by reference."
Who are the attorneys-in-fact and agents appointed by the registrant to sign and file amendments to the report with the Securities and Exchange Commission?," Jen-Hsun Huang and Colette M. Kress, and each or any one of them, are the attorneys-in-fact and agents appointed by the registrant to sign and file amendments to the report with the Securities and Exchange Commission."
Who are the directors mentioned in the given text?," The directors mentioned in the given text are Harvey C. Jones, Melissa B. Lora, Michael McCaffery, Stephen C. Neal, Mark L. Perry, A. Brooke Seawell, Aarti Shah, and Mark Stevens."
